<?xml version="1.0" encoding="UTF-8"?>
<metadata xml:lang="en"><Esri><CreaDate>20220803</CreaDate><CreaTime>09140900</CreaTime><ArcGISFormat>1.0</ArcGISFormat><SyncOnce>FALSE</SyncOnce><DataProperties><itemProps><itemLocation><linkage Sync="TRUE">file://\\rtcgis\gis\projects\Projects-22\TRANSIT\August2022ServiceChange\Website_ZIPFiles\RTC_ShapeFile\Busroute_GEO_August2022</linkage><protocol Sync="TRUE">Local Area Network</protocol></itemLocation><itemName Sync="TRUE">Busroute_GEO_August2022</itemName><imsContentType Sync="TRUE">002</imsContentType><itemSize Sync="TRUE">0.000</itemSize></itemProps><copyHistory><copy source="G:\projects\Projects-22\TRANSIT\August2022ServiceChange\FinalData\Busroute_GEO_August2022" dest="\\rtcgis\gis\projects\Projects-22\TRANSIT\August2022ServiceChange\Website_ZIPFiles\RTC_ShapeFile\Busroute_GEO_August2022" date="20220803" time="09140900"/></copyHistory><lineage><Process ToolSource="c:\arcgis\desktop10.6\ArcToolbox\Toolboxes\Data Management Tools.tbx\CalculateField" Date="20181011" Time="074952">CalculateField Busroute_GEO_December2018 FIX_ID [FixID] VB #</Process><Process ToolSource="c:\arcgis\desktop10.6\ArcToolbox\Toolboxes\Data Management Tools.tbx\CalculateField" Date="20181011" Time="075028">CalculateField Busroute_GEO_December2018 ROUTE (Left( [FIX_ID], 3)) VB #</Process><Process ToolSource="c:\arcgis\desktop10.6\ArcToolbox\Toolboxes\Data Management Tools.tbx\CalculateField" Date="20181011" Time="075052">CalculateField Busroute_GEO_December2018 DIR (Right( [FIX_ID],3)) VB #</Process><Process ToolSource="c:\arcgis\desktop10.6\ArcToolbox\Toolboxes\Data Management Tools.tbx\CalculateField" Date="20181011" Time="075127">CalculateField Busroute_GEO_December2018 NAME [tpField00] VB #</Process><Process ToolSource="c:\arcgis\desktop10.6\ArcToolbox\Toolboxes\Data Management Tools.tbx\CalculateField" Date="20181011" Time="075153">CalculateField Busroute_GEO_December2018 HEADSIGN [tpField01] VB #</Process><Process ToolSource="c:\arcgis\desktop10.6\ArcToolbox\Toolboxes\Data Management Tools.tbx\CalculateField" Date="20181011" Time="075220">CalculateField Busroute_GEO_December2018 ROUTE_LABL [ROUTE] VB #</Process><Process ToolSource="c:\arcgis\desktop10.6\ArcToolbox\Toolboxes\Data Management Tools.tbx\CalculateField" Date="20181011" Time="075349">CalculateField Busroute_GEO_December2018 ROUTE_LABL "DVX" VB #</Process><Process ToolSource="c:\arcgis\desktop10.6\ArcToolbox\Toolboxes\Data Management Tools.tbx\CalculateField" Date="20181011" Time="075418">CalculateField Busroute_GEO_December2018 ROUTE_LABL "HDX" VB #</Process><Process ToolSource="c:\arcgis\desktop10.6\ArcToolbox\Toolboxes\Data Management Tools.tbx\CalculateField" Date="20181011" Time="075435">CalculateField Busroute_GEO_December2018 ROUTE_LABL "WAX" VB #</Process><Process ToolSource="c:\arcgis\desktop10.6\ArcToolbox\Toolboxes\Data Management Tools.tbx\CalculateField" Date="20181011" Time="075453">CalculateField Busroute_GEO_December2018 ROUTE_LABL "CX" VB #</Process><Process ToolSource="c:\arcgis\desktop10.6\ArcToolbox\Toolboxes\Data Management Tools.tbx\CalculateField" Date="20181011" Time="075513">CalculateField Busroute_GEO_December2018 ROUTE_LABL "SX" VB #</Process><Process ToolSource="c:\arcgis\desktop10.6\ArcToolbox\Toolboxes\Data Management Tools.tbx\CalculateField" Date="20181011" Time="075532">CalculateField Busroute_GEO_December2018 ROUTE_LABL "BHX" VB #</Process><Process ToolSource="c:\arcgis\desktop10.6\ArcToolbox\Toolboxes\Data Management Tools.tbx\CalculateField" Date="20181011" Time="075558">CalculateField Busroute_GEO_December2018 ROUTE_LABL "SDX" VB #</Process><Process ToolSource="c:\arcgis\desktop10.6\ArcToolbox\Toolboxes\Data Management Tools.tbx\CalculateField" Date="20181011" Time="075622">CalculateField Busroute_GEO_December2018 ROUTE_LABL "DEUCE" VB #</Process><Process ToolSource="c:\arcgis\desktop10.6\ArcToolbox\Toolboxes\Data Management Tools.tbx\CalculateField" Date="20181011" Time="075642">CalculateField Busroute_GEO_December2018 ROUTE_LABL "LOOP" VB #</Process><Process ToolSource="c:\arcgis\desktop10.6\ArcToolbox\Toolboxes\Conversion Tools.tbx\FeatureClassToFeatureClass" Date="20190206" Time="070434">FeatureClassToFeatureClass G:\projects\Projects-18\TRANSIT\December2018ServiceChange\FinalData\Busroute_GEO_December2018.shp "Database Connections\GISSDE.RTC.sde" TRAN_BUS_ROUTES_GEO # "Pattern "Pattern" true true false 10 Text 0 0 ,First,#,G:\projects\Projects-18\TRANSIT\December2018ServiceChange\FinalData\Busroute_GEO_December2018.shp,Pattern,-1,-1;tpField00 "tpField00" true true false 254 Text 0 0 ,First,#,G:\projects\Projects-18\TRANSIT\December2018ServiceChange\FinalData\Busroute_GEO_December2018.shp,tpField00,-1,-1;FixID "FixID" true true false 10 Long 0 10 ,First,#,G:\projects\Projects-18\TRANSIT\December2018ServiceChange\FinalData\Busroute_GEO_December2018.shp,FixID,-1,-1;Apattern "Apattern" true true false 10 Long 0 10 ,First,#,G:\projects\Projects-18\TRANSIT\December2018ServiceChange\FinalData\Busroute_GEO_December2018.shp,Apattern,-1,-1;tpField01 "tpField01" true true false 10 Long 0 10 ,First,#,G:\projects\Projects-18\TRANSIT\December2018ServiceChange\FinalData\Busroute_GEO_December2018.shp,tpField01,-1,-1;FIX_ID "FIX_ID" true true false 10 Long 0 10 ,First,#,G:\projects\Projects-18\TRANSIT\December2018ServiceChange\FinalData\Busroute_GEO_December2018.shp,FIX_ID,-1,-1;ROUTE "ROUTE" true true false 10 Long 0 10 ,First,#,G:\projects\Projects-18\TRANSIT\December2018ServiceChange\FinalData\Busroute_GEO_December2018.shp,ROUTE,-1,-1;DIR "DIR" true true false 10 Long 0 10 ,First,#,G:\projects\Projects-18\TRANSIT\December2018ServiceChange\FinalData\Busroute_GEO_December2018.shp,DIR,-1,-1;NAME "NAME" true true false 100 Text 0 0 ,First,#,G:\projects\Projects-18\TRANSIT\December2018ServiceChange\FinalData\Busroute_GEO_December2018.shp,NAME,-1,-1;SP_LENGTH "SP_LENGTH" true true false 19 Double 0 0 ,First,#,G:\projects\Projects-18\TRANSIT\December2018ServiceChange\FinalData\Busroute_GEO_December2018.shp,SP_LENGTH,-1,-1;SP_MILES "SP_MILES" true true false 19 Double 0 0 ,First,#,G:\projects\Projects-18\TRANSIT\December2018ServiceChange\FinalData\Busroute_GEO_December2018.shp,SP_MILES,-1,-1;HEADSIGN "HEADSIGN" true true false 10 Long 0 10 ,First,#,G:\projects\Projects-18\TRANSIT\December2018ServiceChange\FinalData\Busroute_GEO_December2018.shp,HEADSIGN,-1,-1;ROUTE_LABL "ROUTE_LABL" true true false 5 Text 0 0 ,First,#,G:\projects\Projects-18\TRANSIT\December2018ServiceChange\FinalData\Busroute_GEO_December2018.shp,ROUTE_LABL,-1,-1;ROUTE_DESC "ROUTE_DESC" true true false 100 Text 0 0 ,First,#,G:\projects\Projects-18\TRANSIT\December2018ServiceChange\FinalData\Busroute_GEO_December2018.shp,ROUTE_DESC,-1,-1" #</Process><Process ToolSource="c:\program files\arcgis\pro\Resources\ArcToolbox\toolboxes\Conversion Tools.tbx\ExportFeatures" Date="20220713" Time="101800">ExportFeatures RTC.GISSDE.TRAN_BUS_ROUTES_GEO G:\projects\Projects-22\TRANSIT\August2022ServiceChange\FinalData\Busroute_GEO_August2022.shp # NOT_USE_ALIAS "Pattern "Pattern" true true false 10 Text 0 0,First,#,RTC.GISSDE.TRAN_BUS_ROUTES_GEO,Pattern,0,10;tpField00 "tpField00" true true false 254 Text 0 0,First,#,RTC.GISSDE.TRAN_BUS_ROUTES_GEO,tpField00,0,254;FixID "FixID" true true false 4 Long 0 10,First,#,RTC.GISSDE.TRAN_BUS_ROUTES_GEO,FixID,-1,-1;Apattern "Apattern" true true false 4 Long 0 10,First,#,RTC.GISSDE.TRAN_BUS_ROUTES_GEO,Apattern,-1,-1;tpField01 "tpField01" true true false 4 Long 0 10,First,#,RTC.GISSDE.TRAN_BUS_ROUTES_GEO,tpField01,-1,-1;FIX_ID "FIX_ID" true true false 4 Long 0 10,First,#,RTC.GISSDE.TRAN_BUS_ROUTES_GEO,FIX_ID,-1,-1;ROUTE "ROUTE" true true false 4 Long 0 10,First,#,RTC.GISSDE.TRAN_BUS_ROUTES_GEO,ROUTE,-1,-1;DIR "DIR" true true false 4 Long 0 10,First,#,RTC.GISSDE.TRAN_BUS_ROUTES_GEO,DIR,-1,-1;NAME "NAME" true true false 100 Text 0 0,First,#,RTC.GISSDE.TRAN_BUS_ROUTES_GEO,NAME,0,100;SP_LENGTH "SP_LENGTH" true true false 8 Double 8 38,First,#,RTC.GISSDE.TRAN_BUS_ROUTES_GEO,SP_LENGTH,-1,-1;SP_MILES "SP_MILES" true true false 8 Double 8 38,First,#,RTC.GISSDE.TRAN_BUS_ROUTES_GEO,SP_MILES,-1,-1;HEADSIGN "HEADSIGN" true true false 4 Long 0 10,First,#,RTC.GISSDE.TRAN_BUS_ROUTES_GEO,HEADSIGN,-1,-1;ROUTE_LABL "ROUTE_LABL" true true false 5 Text 0 0,First,#,RTC.GISSDE.TRAN_BUS_ROUTES_GEO,ROUTE_LABL,0,5;ROUTE_DESC "ROUTE_DESC" true true false 100 Text 0 0,First,#,RTC.GISSDE.TRAN_BUS_ROUTES_GEO,ROUTE_DESC,0,100" #</Process><Process ToolSource="c:\program files\arcgis\pro\Resources\ArcToolbox\Toolboxes\Data Management Tools.tbx\Copy" Date="20220803" Time="091409">Copy G:\projects\Projects-22\TRANSIT\August2022ServiceChange\FinalData\Busroute_GEO_August2022.shp G:\projects\Projects-22\TRANSIT\August2022ServiceChange\Website_ZIPFiles\RTC_ShapeFile\Busroute_GEO_August2022.shp Shapefile #</Process><Process ToolSource="c:\program files\arcgis\pro\Resources\ArcToolbox\Toolboxes\Data Management Tools.tbx\Rename" Date="20220803" Time="091724">Rename G:\projects\Projects-22\TRANSIT\August2022ServiceChange\Website_ZIPFiles\RTC_ShapeFile\Busroute_GEO_August2022.shp G:\projects\Projects-22\TRANSIT\August2022ServiceChange\Website_ZIPFiles\RTC_ShapeFile\Busroute.shp ShapeFile</Process><Process ToolSource="c:\program files\arcgis\pro\Resources\ArcToolbox\Toolboxes\Data Management Tools.tbx\Rename" Date="20220803" Time="091758">Rename G:\projects\Projects-22\TRANSIT\August2022ServiceChange\Website_ZIPFiles\RTC_ShapeFile\Busroute.shp G:\projects\Projects-22\TRANSIT\August2022ServiceChange\Website_ZIPFiles\RTC_ShapeFile\Busroute_GEO.shp ShapeFile</Process></lineage><coordRef><type Sync="TRUE">Geographic</type><geogcsn Sync="TRUE">GCS_North_American_1983</geogcsn><csUnits Sync="TRUE">Angular Unit: Degree (0.017453)</csUnits><peXml Sync="TRUE">&lt;GeographicCoordinateSystem xsi:type='typens:GeographicCoordinateSystem' xmlns:xsi='http://www.w3.org/2001/XMLSchema-instance' xmlns:xs='http://www.w3.org/2001/XMLSchema' xmlns:typens='http://www.esri.com/schemas/ArcGIS/3.0.0'&gt;&lt;WKT&gt;GEOGCS[&amp;quot;GCS_North_American_1983&amp;quot;,DATUM[&amp;quot;D_North_American_1983&amp;quot;,SPHEROID[&amp;quot;GRS_1980&amp;quot;,6378137.0,298.257222101]],PRIMEM[&amp;quot;Greenwich&amp;quot;,0.0],UNIT[&amp;quot;Degree&amp;quot;,0.0174532925199433],AUTHORITY[&amp;quot;EPSG&amp;quot;,4269]]&lt;/WKT&gt;&lt;XOrigin&gt;-400&lt;/XOrigin&gt;&lt;YOrigin&gt;-400&lt;/YOrigin&gt;&lt;XYScale&gt;11258999068426.238&lt;/XYScale&gt;&lt;ZOrigin&gt;-100000&lt;/ZOrigin&gt;&lt;ZScale&gt;10000&lt;/ZScale&gt;&lt;MOrigin&gt;-100000&lt;/MOrigin&gt;&lt;MScale&gt;10000&lt;/MScale&gt;&lt;XYTolerance&gt;8.983152841195215e-09&lt;/XYTolerance&gt;&lt;ZTolerance&gt;0.001&lt;/ZTolerance&gt;&lt;MTolerance&gt;0.001&lt;/MTolerance&gt;&lt;HighPrecision&gt;true&lt;/HighPrecision&gt;&lt;LeftLongitude&gt;-180&lt;/LeftLongitude&gt;&lt;WKID&gt;4269&lt;/WKID&gt;&lt;LatestWKID&gt;4269&lt;/LatestWKID&gt;&lt;/GeographicCoordinateSystem&gt;</peXml></coordRef></DataProperties><SyncDate>20220713</SyncDate><SyncTime>10175900</SyncTime><ModDate>20220713</ModDate><ModTime>10175900</ModTime></Esri><dataIdInfo><envirDesc Sync="TRUE">Microsoft Windows 10 Version 10.0 (Build 19044) ; Esri ArcGIS 13.0.0.36056</envirDesc><dataLang><languageCode value="eng" Sync="TRUE"/><countryCode value="USA" Sync="TRUE"/></dataLang><idCitation><resTitle Sync="TRUE">Busroute_GEO_August2022</resTitle><presForm><PresFormCd value="005" Sync="TRUE"/></presForm></idCitation><spatRpType><SpatRepTypCd value="001" Sync="TRUE"/></spatRpType></dataIdInfo><mdLang><languageCode value="eng" Sync="TRUE"/><countryCode value="USA" Sync="TRUE"/></mdLang><distInfo><distFormat><formatName Sync="TRUE">Shapefile</formatName></distFormat><distTranOps><transSize Sync="TRUE">0.000</transSize></distTranOps></distInfo><mdHrLv><ScopeCd value="005" Sync="TRUE"/></mdHrLv><mdHrLvName Sync="TRUE">dataset</mdHrLvName><refSysInfo><RefSystem><refSysID><identCode code="4269" Sync="TRUE"/><idCodeSpace Sync="TRUE">EPSG</idCodeSpace><idVersion Sync="TRUE">6.5(3.0.1)</idVersion></refSysID></RefSystem></refSysInfo><spatRepInfo><VectSpatRep><geometObjs Name="Busroute_GEO_August2022"><geoObjTyp><GeoObjTypCd value="002" Sync="TRUE"></GeoObjTypCd></geoObjTyp><geoObjCnt Sync="TRUE">0</geoObjCnt></geometObjs><topLvl><TopoLevCd value="001" Sync="TRUE"></TopoLevCd></topLvl></VectSpatRep></spatRepInfo><spdoinfo><ptvctinf><esriterm Name="Busroute_GEO_August2022"><efeatyp Sync="TRUE">Simple</efeatyp><efeageom code="3" Sync="TRUE"></efeageom><esritopo Sync="TRUE">FALSE</esritopo><efeacnt Sync="TRUE">0</efeacnt><spindex Sync="TRUE">FALSE</spindex><linrefer Sync="TRUE">FALSE</linrefer></esriterm></ptvctinf></spdoinfo><eainfo><detailed Name="Busroute_GEO_August2022"><enttyp><enttypl Sync="TRUE">Busroute_GEO_August2022</enttypl><enttypt Sync="TRUE">Feature Class</enttypt><enttypc Sync="TRUE">0</enttypc></enttyp><attr><attrlabl Sync="TRUE">FID</attrlabl><attalias Sync="TRUE">FID</attalias><attrtype Sync="TRUE">OID</attrtype><attwidth Sync="TRUE">4</attwidth><atprecis Sync="TRUE">0</atprecis><attscale Sync="TRUE">0</attscale><attrdef Sync="TRUE">Internal feature number.</attrdef><attrdefs Sync="TRUE">Esri</attrdefs><attrdomv><udom Sync="TRUE">Sequential unique whole numbers that are automatically generated.</udom></attrdomv></attr><attr><attrlabl Sync="TRUE">Pattern</attrlabl><attalias Sync="TRUE">Pattern</attalias><attrtype Sync="TRUE">String</attrtype><attwidth Sync="TRUE">10</attwidth><atprecis Sync="TRUE">0</atprecis><attscale Sync="TRUE">0</attscale></attr><attr><attrlabl Sync="TRUE">tpField00</attrlabl><attalias Sync="TRUE">tpField00</attalias><attrtype Sync="TRUE">String</attrtype><attwidth Sync="TRUE">254</attwidth><atprecis Sync="TRUE">0</atprecis><attscale Sync="TRUE">0</attscale></attr><attr><attrlabl Sync="TRUE">FixID</attrlabl><attalias Sync="TRUE">FixID</attalias><attrtype Sync="TRUE">Integer</attrtype><attwidth Sync="TRUE">10</attwidth><atprecis Sync="TRUE">10</atprecis><attscale Sync="TRUE">0</attscale></attr><attr><attrlabl Sync="TRUE">Apattern</attrlabl><attalias Sync="TRUE">Apattern</attalias><attrtype Sync="TRUE">Integer</attrtype><attwidth Sync="TRUE">10</attwidth><atprecis Sync="TRUE">10</atprecis><attscale Sync="TRUE">0</attscale></attr><attr><attrlabl Sync="TRUE">tpField01</attrlabl><attalias Sync="TRUE">tpField01</attalias><attrtype Sync="TRUE">Integer</attrtype><attwidth Sync="TRUE">10</attwidth><atprecis Sync="TRUE">10</atprecis><attscale Sync="TRUE">0</attscale></attr><attr><attrlabl Sync="TRUE">FIX_ID</attrlabl><attalias Sync="TRUE">FIX_ID</attalias><attrtype Sync="TRUE">Integer</attrtype><attwidth Sync="TRUE">10</attwidth><atprecis Sync="TRUE">10</atprecis><attscale Sync="TRUE">0</attscale></attr><attr><attrlabl Sync="TRUE">ROUTE</attrlabl><attalias Sync="TRUE">ROUTE</attalias><attrtype Sync="TRUE">Integer</attrtype><attwidth Sync="TRUE">10</attwidth><atprecis Sync="TRUE">10</atprecis><attscale Sync="TRUE">0</attscale></attr><attr><attrlabl Sync="TRUE">DIR</attrlabl><attalias Sync="TRUE">DIR</attalias><attrtype Sync="TRUE">Integer</attrtype><attwidth Sync="TRUE">10</attwidth><atprecis Sync="TRUE">10</atprecis><attscale Sync="TRUE">0</attscale></attr><attr><attrlabl Sync="TRUE">NAME</attrlabl><attalias Sync="TRUE">NAME</attalias><attrtype Sync="TRUE">String</attrtype><attwidth Sync="TRUE">100</attwidth><atprecis Sync="TRUE">0</atprecis><attscale Sync="TRUE">0</attscale></attr><attr><attrlabl Sync="TRUE">SP_LENGTH</attrlabl><attalias Sync="TRUE">SP_LENGTH</attalias><attrtype Sync="TRUE">Double</attrtype><attwidth Sync="TRUE">19</attwidth><atprecis Sync="TRUE">18</atprecis><attscale Sync="TRUE">8</attscale></attr><attr><attrlabl Sync="TRUE">SP_MILES</attrlabl><attalias Sync="TRUE">SP_MILES</attalias><attrtype Sync="TRUE">Double</attrtype><attwidth Sync="TRUE">19</attwidth><atprecis Sync="TRUE">18</atprecis><attscale Sync="TRUE">8</attscale></attr><attr><attrlabl Sync="TRUE">HEADSIGN</attrlabl><attalias Sync="TRUE">HEADSIGN</attalias><attrtype Sync="TRUE">Integer</attrtype><attwidth Sync="TRUE">10</attwidth><atprecis Sync="TRUE">10</atprecis><attscale Sync="TRUE">0</attscale></attr><attr><attrlabl Sync="TRUE">ROUTE_LABL</attrlabl><attalias Sync="TRUE">ROUTE_LABL</attalias><attrtype Sync="TRUE">String</attrtype><attwidth Sync="TRUE">5</attwidth><atprecis Sync="TRUE">0</atprecis><attscale Sync="TRUE">0</attscale></attr><attr><attrlabl Sync="TRUE">ROUTE_DESC</attrlabl><attalias Sync="TRUE">ROUTE_DESC</attalias><attrtype Sync="TRUE">String</attrtype><attwidth Sync="TRUE">100</attwidth><atprecis Sync="TRUE">0</atprecis><attscale Sync="TRUE">0</attscale></attr><attr><attrlabl Sync="TRUE">Shape</attrlabl><attalias Sync="TRUE">Shape</attalias><attrtype Sync="TRUE">Geometry</attrtype><attwidth Sync="TRUE">0</attwidth><atprecis Sync="TRUE">0</atprecis><attscale Sync="TRUE">0</attscale><attrdef Sync="TRUE">Feature geometry.</attrdef><attrdefs Sync="TRUE">Esri</attrdefs><attrdomv><udom Sync="TRUE">Coordinates defining the features.</udom></attrdomv></attr></detailed></eainfo><mdDateSt Sync="TRUE">20220713</mdDateSt></metadata>
